https://www.facebook.com/Mariano-Rajoy-Brey-54212446406/photos?tab=album&album_id=10154534110871407,https://www.facebook.com/pg/Mariano-Rajoy-Brey-54212446406/photos/?tab=album&album_id=10154534110871407,54212446406_10154534110871407,"{""status""=>200, ""result""=>{""posts""=>[{""platformId""=>""537326876328007_5651355011591809"", ""platform""=>""Facebook"", ""date""=>""2022-09-07 11:00:18"", ""updated""=>""2022-09-07 19:03:22"", ""type""=>""native_video"", ""message""=>""Primal Movement ðŸ¦ From the moment we are born our bodies are in constant transformation. We crawl We walk We run. But it all starts from the ground. Taking our bodies as adults back to our primal ways will not only strengthen your body but it will enhance you to be more functional and mobile in your exercises, martial arts, and day to day. It will help your posture, it can even help aid your anxiety and stress levels. Primal movement is taking the fitness industry by storm so why not give it a try and start learning more with me. I teach a lot of my bodyweight flows in my bodyweight course available on my app. (www.MichaelVazquez.com Get some free training with me right when you sign up but more importantly youâ€™ll build consistency in your training when you have me as your coach. Sign up here www.MIchaelVazquez.com and letâ€™s get some âš”ï¸"", ""expandedLinks""=>[{""original""=>""www.MIchaelVazquez.com"", ""expanded""=>""https://www.michaelvazquez.com/""}, {""original""=>""(www.MichaelVazquez.com"", ""expanded""=>""https://www.michaelvazquez.com/)""}, {""original""=>""https://www.facebook.com/michaelcvazquez/videos/1524670334659801/"", ""expanded""=>""https://www.facebook.com/michaelcvazquez/videos/1524670334659801/""}], ""link""=>""https://www.facebook.com/michaelcvazquez/videos/1524670334659801/"", ""postUrl""=>""https://www.facebook.com/537326876328007/posts/5651355011591809"", ""subscriberCount""=>1949901, ""score""=>-1.5125, ""media""=>[{""type""=>""video"", ""url""=>""https://video-sea1-1.xx.fbcdn.net/v/t42.9040-2/129802877_462119228107048_759535789827256480_n.mp4?_nc_cat=110&ccb=1-7&_nc_sid=985c63&efg=eyJybHIiOjQxNSwicmxhIjo4MDIsInZlbmNvZGVfdGFnIjoic3ZlX3NkIn0%3D&_nc_ohc=LXGYXiW_bWAAX_QNMdG&rl=415&vabr=231&_nc_ht=video-sea1-1.xx&oh=00_AT9sGEymuGaw_BW1veDCdLQS2HzDS8c-HwXtWgi_vNjrKg&oe=631A3420"", ""height""=>0, ""width""=>0}, {""type""=>""photo"", ""url""=>""https://scontent-sea1-1.xx.fbcdn.net/v/t15.5256-10/121906871_478937409754538_6280055351111383028_n.jpg?stp=dst-jpg_s720x720&_nc_cat=104&ccb=1-7&_nc_sid=ad6a45&_nc_ohc=JeGIKoQcABgAX-CXicT&_nc_ht=scontent-sea1-1.xx&oh=00_AT-623txx7pzlU3iRJrUCkPSuWqooDEwhsSw8yy9cosOXQ&oe=631DBB28"", ""height""=>405, ""width""=>720, ""full""=>""https://scontent-sea1-1.xx.fbcdn.net/v/t15.5256-10/121906871_478937409754538_6280055351111383028_n.jpg?_nc_cat=104&ccb=1-7&_nc_sid=ad6a45&_nc_ohc=JeGIKoQcABgAX-CXicT&_nc_ht=scontent-sea1-1.xx&oh=00_AT-tDqbrEow-e58etZtggm7G834F3Tty7DUbcy4JvfAmBQ&oe=631DBB28""}], ""statistics""=>{""actual""=>{""likeCount""=>248, ""shareCount""=>21, ""commentCount""=>2, ""loveCount""=>46, ""wowCount""=>0, ""hahaCount""=>0, ""sadCount""=>0, ""angryCount""=>0, ""thankfulCount""=>0, ""careCount""=>3}, ""expected""=>{""likeCount""=>355, ""shareCount""=>48, ""commentCount""=>8, ""loveCount""=>63, ""wowCount""=>3, ""hahaCount""=>1, ""sadCount""=>1, ""angryCount""=>1, ""thankfulCount""=>0, ""careCount""=>4}}, ""account""=>{""id""=>1852061, ""name""=>""Michael Vazquez"", ""handle""=>""michaelcvazquez"", ""profileImage""=>""https://scontent-sea1-1.xx.fbcdn.net/v/t1.6435-1/123504448_3704119169648746_4792118100641203067_n.jpg?stp=dst-jpg_p200x200&_nc_cat=1&ccb=1-7&_nc_sid=dbb9e7&_nc_ohc=0iyEZYulGDgAX-woGgn&_nc_ht=scontent-sea1-1.xx&oh=00_AT_AFqHUKrLBD9Eg52grPoYXrKT4HjlPR7DDjmAX39HFPg&oe=633F75F0"", ""subscriberCount""=>1949901, ""url""=>""https://www.facebook.com/537326876328007"", ""platform""=>""Facebook"", ""platformId""=>""537326876328007"", ""accountType""=>""facebook_page"", ""pageAdminTopCountry""=>""US"", ""pageDescription""=>""Instagram @michaelcvazquez \nYouTube: Michael Vazquez \nPersonal workout programs \nwww.michaelcvazquez"", ""pageCreatedDate""=>""2013-05-24 00:03:58"", ""pageCategory""=>""ATHLETE"", ""verified""=>false}, ""videoLengthMS""=>185387, ""languageCode""=>""en"", ""legacyId""=>115554716429, ""id""=>""1852061|5651355011591809""}]}}"
https://www.facebook.com/media/set?set=a.10154534110871407,https://www.facebook.com/album.php?fbid=10154534110871407&id=54212446406&aid=1073742048,10154534110871407_a.10154534110871407,"{""status""=>200, ""notes""=>""Post not found""}"
https://www.facebook.com/permalink.php?story_fbid=10154534111016407&id=54212446406,https://www.facebook.com/permalink.php?story_fbid=10154534111016407&id=54212446406,54212446406_10154534111016407,"{""status""=>200, ""result""=>{""posts""=>[{""platformId""=>""54212446406_10154534111016407"", ""platform""=>""Facebook"", ""date""=>""2016-09-30 20:02:36"", ""updated""=>""2021-07-13 02:53:44"", ""type""=>""photo"", ""caption""=>""ExposiciÃ³n de MirÃ³ en el Museo Serralves y Palacio de la Bolsa"", ""description""=>""En el Museo Serralves de Oporto, inaugurando la exposiciÃ³n \""Joan MirÃ³: Materialidad y Metamorfosis\"", ejemplo de vanguardia, libertad y de la rica tradiciÃ³n pictÃ³rica espaÃ±ola. Un orgullo poder estar hoy en #Portugal y participar de uno de tantos intercambios culturales con un paÃ­s que no sÃ³lo es vecino y aliado, sino tambiÃ©n un paÃ­s querido y hermano de #EspaÃ±a. Seguiremos estrechando nuestros lazos. La integraciÃ³n y la uniÃ³n son signos de la historia en nuestro tiempo. En un mundo globalizado, la disgregaciÃ³n conduce a la irrelevancia."", ""message""=>""En el Museo Serralves de Oporto, inaugurando la exposiciÃ³n \""Joan MirÃ³: Materialidad y Metamorfosis\"", ejemplo de vanguardia, libertad y de la rica tradiciÃ³n pictÃ³rica espaÃ±ola. Un orgullo poder estar hoy en #Portugal y participar de uno de tantos intercambios culturales con un paÃ­s que no sÃ³lo es vecino y aliado, sino tambiÃ©n un paÃ­s querido y hermano de #EspaÃ±a. Seguiremos estrechando nuestros lazos. La integraciÃ³n y la uniÃ³n son signos de la historia en nuestro tiempo. En un mundo globalizado, la disgregaciÃ³n conduce a la irrelevancia."", ""expandedLinks""=>[{""original""=>""https://www.facebook.com/54212446406/photos/a.10154534110871407/10154534111016407/?type=3"", ""expanded""=>""https://www.facebook.com/54212446406/photos/a.10154534110871407/10154534111016407/?type=3""}], ""link""=>""https://www.facebook.com/54212446406/photos/a.10154534110871407/10154534111016407/?type=3"", ""postUrl""=>""https://www.facebook.com/54212446406/posts/10154534111016407"", ""subscriberCount""=>0, ""score""=>-44.56410256410256, ""media""=>[{""type""=>""photo"", ""url""=>""https://scontent-sea1-1.xx.fbcdn.net/v/t31.18172-8/14543767_10154534111016407_5167486558738906371_o.jpg?stp=dst-jpg_p480x480&_nc_cat=108&ccb=1-6&_nc_sid=e007fa&_nc_ohc=RVrIZ9lXnEgAX_yaERs&_nc_ht=scontent-sea1-1.xx&oh=00_AT-UR7wkcHbF2F4GpW545OCcTMU4n42tr0ke1JdFnq_YOg&oe=62AA9C33"", ""height""=>480, ""width""=>719, ""full""=>""https://scontent-sea1-1.xx.fbcdn.net/v/t31.18172-8/14543767_10154534111016407_5167486558738906371_o.jpg?stp=dst-jpg_p480x480&_nc_cat=108&ccb=1-6&_nc_sid=e007fa&_nc_ohc=RVrIZ9lXnEgAX_yaERs&_nc_ht=scontent-sea1-1.xx&oh=00_AT-UR7wkcHbF2F4GpW545OCcTMU4n42tr0ke1JdFnq_YOg&oe=62AA9C33""}], ""statistics""=>{""actual""=>{""likeCount""=>34, ""shareCount""=>1, ""commentCount""=>1, ""loveCount""=>3, ""wowCount""=>0, ""hahaCount""=>0, ""sadCount""=>0, ""angryCount""=>0, ""thankfulCount""=>0, ""careCount""=>0}, ""expected""=>{""likeCount""=>1206, ""shareCount""=>195, ""commentCount""=>194, ""loveCount""=>96, ""wowCount""=>4, ""hahaCount""=>16, ""sadCount""=>15, ""angryCount""=>12, ""thankfulCount""=>0, ""careCount""=>0}}, ""account""=>{""id""=>63366, ""name""=>""Mariano Rajoy Brey"", ""profileImage""=>""https://scontent-sea1-1.xx.fbcdn.net/v/t1.6435-1/34826184_10156427594056407_1356219087163752448_n.jpg?stp=dst-jpg_p200x200&_nc_cat=104&ccb=1-7&_nc_sid=dbb9e7&_nc_ohc=j9cK0U72z_4AX8j6aNn&_nc_ht=scontent-sea1-1.xx&oh=00_AT-6Kv5Qe-riVM1wOhDrLoHPAJBoo554mXD-_gs1UKSGRg&oe=633F84F6"", ""subscriberCount""=>250461, ""url""=>""https://www.facebook.com/54212446406"", ""platform""=>""Facebook"", ""platformId""=>""54212446406"", ""accountType""=>""facebook_page"", ""pageAdminTopCountry""=>""ES"", ""pageDescription""=>""Militante del Partido Popular. Creo en EspaÃ±a, un gran paÃ­s, una historia de Ã©xito."", ""pageCreatedDate""=>""2009-01-13 15:44:31"", ""pageCategory""=>""POLITICIAN"", ""verified""=>true}, ""languageCode""=>""es"", ""legacyId""=>0, ""id""=>""63366|10154534111016407""}]}}"
https://www.facebook.com/quoted.pictures/posts/3424788280945947,https://www.facebook.com/quoted.pictures/posts/3424788280945947,,{}
https://www.facebook.com/quoted.pictures/photos/a.525451984212939/3424788187612623?type=3,https://www.facebook.com/quoted.pictures/photos/a.525451984212939/3424788187612623?type=3,,{}
https://www.facebook.com/photo.php?fbid=10155150801660195&set=p.10155150801660195&type=1&theater,https://www.facebook.com/photo.php?fbid=10155150801660195&set=p.10155150801660195&type=1&theater,,{}
https://www.facebook.com/Classic.mou/photos/a.136991166478555/1494688604042131,https://www.facebook.com/Classic.mou/photos/a.136991166478555/1494688604042131,,{}
https://www.facebook.com/54212446406/photos/a.397338611406/10157431603156407/?type=3&theater,https://www.facebook.com/54212446406/photos/a.397338611406/10157431603156407/?type=3&theater,,{}
https://www.facebook.com/events/zawya/zawyas-tribute-to-mohamed-khan-%D9%85%D9%88%D8%B9%D8%AF-%D9%85%D8%B9-%D8%AE%D8%A7%D9%86/364677040588691/,https://www.facebook.com/events/364677040588691/permalink/376287682760960/?ref=1&action_history=null,,{}
https://www.facebook.com/dina.hawary/posts/10158416884740321,https://www.facebook.com/dina.hawary/posts/10158416884740321,813705320_10158416884740321,"{""status""=>200, ""notes""=>""Post not found""}"
https://www.facebook.com/Classic.mou/photos/a.136991166478555/666508790193454/?type=3,https://www.facebook.com/Classic.mou/posts/666508790193454:0,136985363145802_666508790193454,"{""status""=>200, ""result""=>{""posts""=>[{""platformId""=>""136985363145802_666508790193454"", ""platform""=>""Facebook"", ""date""=>""2017-02-08 20:00:29"", ""updated""=>""2022-03-23 08:59:14"", ""type""=>""photo"", ""message""=>""Ø¥Ù„ÙŠØ²Ø§Ø¨ÙŠØ« ØªØ§ÙŠÙ„ÙˆØ± *_* A.O"", ""expandedLinks""=>[{""original""=>""https://www.facebook.com/Classic.mou/photos/a.136991166478555/666508790193454/?type=3"", ""expanded""=>""https://www.facebook.com/Classic.mou/photos/a.136991166478555/666508790193454/?type=3""}], ""link""=>""https://www.facebook.com/Classic.mou/photos/a.136991166478555/666508790193454/?type=3"", ""postUrl""=>""https://www.facebook.com/136985363145802/posts/666508790193454"", ""subscriberCount""=>0, ""score""=>-1.3588162762022196, ""media""=>[{""type""=>""photo"", ""url""=>""https://scontent-den4-1.xx.fbcdn.net/v/t1.18169-9/16473884_666508790193454_8112186335057907723_n.jpg?stp=dst-jpg_s720x720&_nc_cat=100&ccb=1-5&_nc_sid=2d5d41&_nc_ohc=iYwdhuOjpL8AX-jn6Rl&_nc_ht=scontent-den4-1.xx&oh=00_AT9sDIG_XUuYq1t5Q4WwyaEf-_HCYX6iBsY78qJkVQq4rQ&oe=6260A990"", ""height""=>720, ""width""=>498, ""full""=>""https://scontent-den4-1.xx.fbcdn.net/v/t1.18169-9/16473884_666508790193454_8112186335057907723_n.jpg?stp=dst-jpg_s720x720&_nc_cat=100&ccb=1-5&_nc_sid=2d5d41&_nc_ohc=iYwdhuOjpL8AX-jn6Rl&_nc_ht=scontent-den4-1.xx&oh=00_AT9sDIG_XUuYq1t5Q4WwyaEf-_HCYX6iBsY78qJkVQq4rQ&oe=6260A990""}], ""statistics""=>{""actual""=>{""likeCount""=>693, ""shareCount""=>30, ""commentCount""=>10, ""loveCount""=>59, ""wowCount""=>18, ""hahaCount""=>1, ""sadCount""=>0, ""angryCount""=>0, ""thankfulCount""=>0, ""careCount""=>0}, ""expected""=>{""likeCount""=>578, ""shareCount""=>48, ""commentCount""=>72, ""loveCount""=>316, ""wowCount""=>5, ""hahaCount""=>57, ""sadCount""=>7, ""angryCount""=>3, ""thankfulCount""=>0, ""careCount""=>16}}, ""account""=>{""id""=>344082, ""name""=>""Classic"", ""handle""=>""Classic.mou"", ""profileImage""=>""https://scontent-sea1-1.xx.fbcdn.net/v/t39.30808-1/241195060_1869265846584403_475220255826048000_n.jpg?stp=dst-jpg_p200x200&_nc_cat=1&ccb=1-7&_nc_sid=dbb9e7&_nc_ohc=SNCf4iBqHLQAX_QGQl-&_nc_ht=scontent-sea1-1.xx&oh=00_AT-HI2aF3PqFxzJkmwXCZpRw18UWd-ysaBrTWbCq9bGR1w&oe=631E056A"", ""subscriberCount""=>2956443, ""url""=>""https://www.facebook.com/136985363145802"", ""platform""=>""Facebook"", ""platformId""=>""136985363145802"", ""accountType""=>""facebook_page"", ""pageAdminTopCountry""=>""EG"", ""pageDescription""=>""ØµÙØ­Ø© Ø°Ø§Øª Ø§Ù‡ØªÙ…Ø§Ù… ÙƒÙ„Ø§Ø³ÙŠÙƒÙŠØŒ Ù†Ù‡ØªÙ… Ø¨ÙƒÙ„ Ù…Ø§Ù‡Ùˆ ÙƒÙ„Ø§Ø³ÙŠÙƒ Ùˆ Ø¹ØªÙŠÙ‚ØŒ Ù„Ø¥Ø­ÙŠØ§Ø¡ Ø§Ù„ÙÙ† Ùˆ Ø§Ù„Ø«Ù‚Ø§ÙØ© Ø§Ù„Ø¹Ø±Ø¨ÙŠØ© ÙˆØ§Ù„Ø­ÙØ§Ø¸ Ø¹Ù„ÙŠÙ‡Ø§.\n\nClassic Â©\n"", ""pageCreatedDate""=>""2013-03-11 07:26:07"", ""pageCategory""=>""TOPIC_ARTS_ENTERTAINMENT"", ""verified""=>false}, ""languageCode""=>""ar"", ""legacyId""=>0, ""id""=>""344082|666508790193454""}]}}"
https://www.facebook.com/danielafeitosa/posts/pfbid0bVJZSu6EB2wRuMmvmqCEihELSgzcziLaZSN8sFm8KWw5yk5M5UQMmJ8Gu636HsDVl,https://www.facebook.com/danielafeitosa/posts/1862242233833668,100001437297285_1862242233833668,"{""status""=>200, ""notes""=>""Post not found""}"
https://www.facebook.com/dcc1968/photos/a.481675875276372/1538581552919127/,https://www.facebook.com/dcc1968/photos/a.481675875276372/1538581552919127/,,{}
https://www.facebook.com/KIKOLOUREIROofficial/photos/a.10150618138397252/10152555300292252/?type=3,https://m.facebook.com/KIKOLOUREIROofficial/photos/a.10150618138397252/10152555300292252/?type=3&theater,,{}
https://www.facebook.com/watch/live?ref=live_delegate,"https://www.facebook.com/livemap/#@-12.991858482361014,-38.521747589110994,4z",,{}
https://www.facebook.com/watch/live?ref=live_delegate,"https://www.facebook.com/live/map/#@37.777053833008,-122.41587829590001,4z",,{}
https://www.facebook.com/watch/live?ref=live_delegate,"https://www.facebook.com/live/discover/map/#@37.777053833008,-122.41587829590001,4z",,{}
https://www.facebook.com/cbcnews/videos/the-national-live/10154783484119604/,https://www.facebook.com/cbcnews/videos/10154783484119604/,,{}
https://www.facebook.com/ironmaiden/posts/pfbid02ighjd39b8fSwYf9twBxQTBTeAneNJYrRJy3gqFuLaCct6qXBxpZZdHq6eP8FCfUtl,https://www.facebook.com/ironmaiden/posts/10156071020577051,100044470688234_10156071020577051,"{""status""=>200, ""result""=>{""posts""=>[{""platformId""=>""537326876328007_5651355011591809"", ""platform""=>""Facebook"", ""date""=>""2022-09-07 11:00:18"", ""updated""=>""2022-09-07 19:03:22"", ""type""=>""native_video"", ""message""=>""Primal Movement ðŸ¦ From the moment we are born our bodies are in constant transformation. We crawl We walk We run. But it all starts from the ground. Taking our bodies as adults back to our primal ways will not only strengthen your body but it will enhance you to be more functional and mobile in your exercises, martial arts, and day to day. It will help your posture, it can even help aid your anxiety and stress levels. Primal movement is taking the fitness industry by storm so why not give it a try and start learning more with me. I teach a lot of my bodyweight flows in my bodyweight course available on my app. (www.MichaelVazquez.com Get some free training with me right when you sign up but more importantly youâ€™ll build consistency in your training when you have me as your coach. Sign up here www.MIchaelVazquez.com and letâ€™s get some âš”ï¸"", ""expandedLinks""=>[{""original""=>""www.MIchaelVazquez.com"", ""expanded""=>""https://www.michaelvazquez.com/""}, {""original""=>""(www.MichaelVazquez.com"", ""expanded""=>""https://www.michaelvazquez.com/)""}, {""original""=>""https://www.facebook.com/michaelcvazquez/videos/1524670334659801/"", ""expanded""=>""https://www.facebook.com/michaelcvazquez/videos/1524670334659801/""}], ""link""=>""https://www.facebook.com/michaelcvazquez/videos/1524670334659801/"", ""postUrl""=>""https://www.facebook.com/537326876328007/posts/5651355011591809"", ""subscriberCount""=>1949901, ""score""=>-1.5125, ""media""=>[{""type""=>""video"", ""url""=>""https://video-sea1-1.xx.fbcdn.net/v/t42.9040-2/129802877_462119228107048_759535789827256480_n.mp4?_nc_cat=110&ccb=1-7&_nc_sid=985c63&efg=eyJybHIiOjQxNSwicmxhIjo4MDIsInZlbmNvZGVfdGFnIjoic3ZlX3NkIn0%3D&_nc_ohc=LXGYXiW_bWAAX_QNMdG&rl=415&vabr=231&_nc_ht=video-sea1-1.xx&oh=00_AT9sGEymuGaw_BW1veDCdLQS2HzDS8c-HwXtWgi_vNjrKg&oe=631A3420"", ""height""=>0, ""width""=>0}, {""type""=>""photo"", ""url""=>""https://scontent-sea1-1.xx.fbcdn.net/v/t15.5256-10/121906871_478937409754538_6280055351111383028_n.jpg?stp=dst-jpg_s720x720&_nc_cat=104&ccb=1-7&_nc_sid=ad6a45&_nc_ohc=JeGIKoQcABgAX-CXicT&_nc_ht=scontent-sea1-1.xx&oh=00_AT-623txx7pzlU3iRJrUCkPSuWqooDEwhsSw8yy9cosOXQ&oe=631DBB28"", ""height""=>405, ""width""=>720, ""full""=>""https://scontent-sea1-1.xx.fbcdn.net/v/t15.5256-10/121906871_478937409754538_6280055351111383028_n.jpg?_nc_cat=104&ccb=1-7&_nc_sid=ad6a45&_nc_ohc=JeGIKoQcABgAX-CXicT&_nc_ht=scontent-sea1-1.xx&oh=00_AT-tDqbrEow-e58etZtggm7G834F3Tty7DUbcy4JvfAmBQ&oe=631DBB28""}], ""statistics""=>{""actual""=>{""likeCount""=>248, ""shareCount""=>21, ""commentCount""=>2, ""loveCount""=>46, ""wowCount""=>0, ""hahaCount""=>0, ""sadCount""=>0, ""angryCount""=>0, ""thankfulCount""=>0, ""careCount""=>3}, ""expected""=>{""likeCount""=>355, ""shareCount""=>48, ""commentCount""=>8, ""loveCount""=>63, ""wowCount""=>3, ""hahaCount""=>1, ""sadCount""=>1, ""angryCount""=>1, ""thankfulCount""=>0, ""careCount""=>4}}, ""account""=>{""id""=>1852061, ""name""=>""Michael Vazquez"", ""handle""=>""michaelcvazquez"", ""profileImage""=>""https://scontent-sea1-1.xx.fbcdn.net/v/t1.6435-1/123504448_3704119169648746_4792118100641203067_n.jpg?stp=dst-jpg_p200x200&_nc_cat=1&ccb=1-7&_nc_sid=dbb9e7&_nc_ohc=0iyEZYulGDgAX-woGgn&_nc_ht=scontent-sea1-1.xx&oh=00_AT_AFqHUKrLBD9Eg52grPoYXrKT4HjlPR7DDjmAX39HFPg&oe=633F75F0"", ""subscriberCount""=>1949901, ""url""=>""https://www.facebook.com/537326876328007"", ""platform""=>""Facebook"", ""platformId""=>""537326876328007"", ""accountType""=>""facebook_page"", ""pageAdminTopCountry""=>""US"", ""pageDescription""=>""Instagram @michaelcvazquez \nYouTube: Michael Vazquez \nPersonal workout programs \nwww.michaelcvazquez"", ""pageCreatedDate""=>""2013-05-24 00:03:58"", ""pageCategory""=>""ATHLETE"", ""verified""=>false}, ""videoLengthMS""=>185387, ""languageCode""=>""en"", ""legacyId""=>115554716429, ""id""=>""1852061|5651355011591809""}]}}"
https://www.facebook.com/teste637621352/photos/a.754851877912740.1073741826.749262715138323/896869113711015/?type=3,https://www.facebook.com/teste637621352/photos/a.754851877912740.1073741826.749262715138323/896869113711015/?type=3,749262715138323_896869113711015,"{""status""=>200, ""notes""=>""Post not found""}"
https://www.facebook.com/nytimes/posts/pfbid02Yf3rodRvds15ATSEXa5SpcX6jSui9DpvG4vXy15m87fgpCZzTisD1q4RNJcquDjCl,https://www.facebook.com/nytimes/posts/10152617171394999,5281959998_10152617171394999,"{""status""=>200, ""result""=>{""posts""=>[{""platformId""=>""5281959998_10152617171394999"", ""platform""=>""Facebook"", ""date""=>""2021-02-25 01:25:07"", ""updated""=>""2022-06-06 02:18:07"", ""type""=>""link"", ""title""=>""Why Your Brain Feels Broken"", ""caption""=>""nytimes.com"", ""description""=>""Pandemic stress and multitasking can affect memory in a real way."", ""message""=>""Pandemic stress, burnout, multitasking and lack of sleep can lead to memory impairments in healthy adults. Our parenting columnist asked experts what you can do to feel less scattered."", ""expandedLinks""=>[{""original""=>""https://nyti.ms/3aSzioR"", ""expanded""=>""https://www.nytimes.com/2021/02/24/parenting/quarantine-brain-memory.html?smid=fb-nytimes&smtyp=cur""}], ""link""=>""https://nyti.ms/3aSzioR"", ""postUrl""=>""https://www.facebook.com/5281959998/posts/10152617171394999"", ""subscriberCount""=>17830969, ""score""=>-2.3386627906976742, ""media""=>[{""type""=>""photo"", ""url""=>""https://external-msp1-1.xx.fbcdn.net/safe_image.php?w=550&h=550&url=https%3A%2F%2Fstatic01.nyt.com%2Fimages%2F2021%2F02%2F24%2Fwell%2F24parenting-NL-brokenbrain%2F24parenting-NL-brokenbrain-facebookJumbo.jpg&cfs=1&ext=emg0&utld=nyt.com&_nc_oe=703a6&_nc_sid=505865&_nc_o2e=1&ccb=3-6&_nc_hash=AQFZJN7pxdtW1akQ"", ""height""=>550, ""width""=>550, ""full""=>""https://external-msp1-1.xx.fbcdn.net/safe_image.php?url=https%3A%2F%2Fstatic01.nyt.com%2Fimages%2F2021%2F02%2F24%2Fwell%2F24parenting-NL-brokenbrain%2F24parenting-NL-brokenbrain-facebookJumbo.jpg&ext=emg0&utld=nyt.com&_nc_oe=703a6&_nc_sid=64c8fc&_nc_o2e=1&ccb=3-6&_nc_hash=AQFx_jN0nWf0wmt_""}], ""statistics""=>{""actual""=>{""likeCount""=>320, ""shareCount""=>252, ""commentCount""=>60, ""loveCount""=>27, ""wowCount""=>6, ""hahaCount""=>3, ""sadCount""=>4, ""angryCount""=>1, ""thankfulCount""=>0, ""careCount""=>15}, ""expected""=>{""likeCount""=>728, ""shareCount""=>81, ""commentCount""=>357, ""loveCount""=>62, ""wowCount""=>33, ""hahaCount""=>58, ""sadCount""=>95, ""angryCount""=>174, ""thankfulCount""=>0, ""careCount""=>21}}, ""account""=>{""id""=>7132, ""name""=>""The New York Times"", ""handle""=>""nytimes"", ""profileImage""=>""https://scontent-sea1-1.xx.fbcdn.net/v/t1.6435-1/72274234_10152040783784999_414376391723712512_n.jpg?stp=dst-jpg_p200x200&_nc_cat=1&ccb=1-7&_nc_sid=dbb9e7&_nc_ohc=lg2-NAy-1okAX-WO5Od&_nc_ht=scontent-sea1-1.xx&oh=00_AT9qdU8YkBSh1FNdnPEW_JAz57hthRD9u5PyB4E0Ifu4jQ&oe=633FF866"", ""subscriberCount""=>18896733, ""url""=>""https://www.facebook.com/5281959998"", ""platform""=>""Facebook"", ""platformId""=>""5281959998"", ""accountType""=>""facebook_page"", ""pageAdminTopCountry""=>""US"", ""pageDescription""=>""Welcome to The New York Times on Facebook - a hub for conversation about news and ideas. Like our page and connect with Times journalists and readers. "", ""pageCreatedDate""=>""2007-10-29 23:03:34"", ""pageCategory""=>""MEDIA_NEWS_COMPANY"", ""verified""=>true}, ""languageCode""=>""en"", ""legacyId""=>0, ""id""=>""7132|10152617171394999""}]}}"
https://www.facebook.com/ESCAPE.Egypt/photos/ms.c.eJxNk8d1QzEMBDvyQw79N2ZyaeD7osMIwAZKLGTUViod1qU~;DCBNHcpl8gfMKeR8bz2gH6ABlHRuuHYM6AdywPkEsH~;gqAjxqLAKJtQGZFxw7CzIa6zdF8j1EZJjXRgTzAP43XBa4HfFa1REA2nXugScCi3wN7FZpF5BPtaVDEBqwPNR60O9Lsi0nbDrw3KyaPCVZfqAYiWmZO13YwvSbtygCWeKleh9KEVajW8FfZz32qcUrNgA5wfkA4Xfh004x46d9gdckQt2xR74biSOegwIcoB9OW~_oVIxKML0JWYC0XHvDkdZy0oY5bgjvBAPwdBpRuKE7kZDNGtnTLoCObBYqJJ4Ky5FF1kfh75Gnyl~;Qxqsv.bps.a.1204090389632094.1073742218.423930480981426/1204094906298309/?type=3&theater,https://www.facebook.com/ESCAPE.Egypt/photos/ms.c.eJxNk8d1QzEMBDvyQw79N2ZyaeD7osMIwAZKLGTUViod1qU~;DCBNHcpl8gfMKeR8bz2gH6ABlHRuuHYM6AdywPkEsH~;gqAjxqLAKJtQGZFxw7CzIa6zdF8j1EZJjXRgTzAP43XBa4HfFa1REA2nXugScCi3wN7FZpF5BPtaVDEBqwPNR60O9Lsi0nbDrw3KyaPCVZfqAYiWmZO13YwvSbtygCWeKleh9KEVajW8FfZz32qcUrNgA5wfkA4Xfh004x46d9gdckQt2xR74biSOegwIcoB9OW~_oVIxKML0JWYC0XHvDkdZy0oY5bgjvBAPwdBpRuKE7kZDNGtnTLoCObBYqJJ4Ky5FF1kfh75Gnyl~;Qxqsv.bps.a.1204090389632094.1073742218.423930480981426/1204094906298309/?type=3&theater,423930480981426_1204094906298309,"{""status""=>200, ""result""=>{""posts""=>[{""platformId""=>""537326876328007_5651355011591809"", ""platform""=>""Facebook"", ""date""=>""2022-09-07 11:00:18"", ""updated""=>""2022-09-07 19:03:22"", ""type""=>""native_video"", ""message""=>""Primal Movement ðŸ¦ From the moment we are born our bodies are in constant transformation. We crawl We walk We run. But it all starts from the ground. Taking our bodies as adults back to our primal ways will not only strengthen your body but it will enhance you to be more functional and mobile in your exercises, martial arts, and day to day. It will help your posture, it can even help aid your anxiety and stress levels. Primal movement is taking the fitness industry by storm so why not give it a try and start learning more with me. I teach a lot of my bodyweight flows in my bodyweight course available on my app. (www.MichaelVazquez.com Get some free training with me right when you sign up but more importantly youâ€™ll build consistency in your training when you have me as your coach. Sign up here www.MIchaelVazquez.com and letâ€™s get some âš”ï¸"", ""expandedLinks""=>[{""original""=>""www.MIchaelVazquez.com"", ""expanded""=>""https://www.michaelvazquez.com/""}, {""original""=>""(www.MichaelVazquez.com"", ""expanded""=>""https://www.michaelvazquez.com/)""}, {""original""=>""https://www.facebook.com/michaelcvazquez/videos/1524670334659801/"", ""expanded""=>""https://www.facebook.com/michaelcvazquez/videos/1524670334659801/""}], ""link""=>""https://www.facebook.com/michaelcvazquez/videos/1524670334659801/"", ""postUrl""=>""https://www.facebook.com/537326876328007/posts/5651355011591809"", ""subscriberCount""=>1949901, ""score""=>-1.5125, ""media""=>[{""type""=>""video"", ""url""=>""https://video-sea1-1.xx.fbcdn.net/v/t42.9040-2/129802877_462119228107048_759535789827256480_n.mp4?_nc_cat=110&ccb=1-7&_nc_sid=985c63&efg=eyJybHIiOjQxNSwicmxhIjo4MDIsInZlbmNvZGVfdGFnIjoic3ZlX3NkIn0%3D&_nc_ohc=LXGYXiW_bWAAX_QNMdG&rl=415&vabr=231&_nc_ht=video-sea1-1.xx&oh=00_AT9sGEymuGaw_BW1veDCdLQS2HzDS8c-HwXtWgi_vNjrKg&oe=631A3420"", ""height""=>0, ""width""=>0}, {""type""=>""photo"", ""url""=>""https://scontent-sea1-1.xx.fbcdn.net/v/t15.5256-10/121906871_478937409754538_6280055351111383028_n.jpg?stp=dst-jpg_s720x720&_nc_cat=104&ccb=1-7&_nc_sid=ad6a45&_nc_ohc=JeGIKoQcABgAX-CXicT&_nc_ht=scontent-sea1-1.xx&oh=00_AT-623txx7pzlU3iRJrUCkPSuWqooDEwhsSw8yy9cosOXQ&oe=631DBB28"", ""height""=>405, ""width""=>720, ""full""=>""https://scontent-sea1-1.xx.fbcdn.net/v/t15.5256-10/121906871_478937409754538_6280055351111383028_n.jpg?_nc_cat=104&ccb=1-7&_nc_sid=ad6a45&_nc_ohc=JeGIKoQcABgAX-CXicT&_nc_ht=scontent-sea1-1.xx&oh=00_AT-tDqbrEow-e58etZtggm7G834F3Tty7DUbcy4JvfAmBQ&oe=631DBB28""}], ""statistics""=>{""actual""=>{""likeCount""=>248, ""shareCount""=>21, ""commentCount""=>2, ""loveCount""=>46, ""wowCount""=>0, ""hahaCount""=>0, ""sadCount""=>0, ""angryCount""=>0, ""thankfulCount""=>0, ""careCount""=>3}, ""expected""=>{""likeCount""=>355, ""shareCount""=>48, ""commentCount""=>8, ""loveCount""=>63, ""wowCount""=>3, ""hahaCount""=>1, ""sadCount""=>1, ""angryCount""=>1, ""thankfulCount""=>0, ""careCount""=>4}}, ""account""=>{""id""=>1852061, ""name""=>""Michael Vazquez"", ""handle""=>""michaelcvazquez"", ""profileImage""=>""https://scontent-sea1-1.xx.fbcdn.net/v/t1.6435-1/123504448_3704119169648746_4792118100641203067_n.jpg?stp=dst-jpg_p200x200&_nc_cat=1&ccb=1-7&_nc_sid=dbb9e7&_nc_ohc=0iyEZYulGDgAX-woGgn&_nc_ht=scontent-sea1-1.xx&oh=00_AT_AFqHUKrLBD9Eg52grPoYXrKT4HjlPR7DDjmAX39HFPg&oe=633F75F0"", ""subscriberCount""=>1949901, ""url""=>""https://www.facebook.com/537326876328007"", ""platform""=>""Facebook"", ""platformId""=>""537326876328007"", ""accountType""=>""facebook_page"", ""pageAdminTopCountry""=>""US"", ""pageDescription""=>""Instagram @michaelcvazquez \nYouTube: Michael Vazquez \nPersonal workout programs \nwww.michaelcvazquez"", ""pageCreatedDate""=>""2013-05-24 00:03:58"", ""pageCategory""=>""ATHLETE"", ""verified""=>false}, ""videoLengthMS""=>185387, ""languageCode""=>""en"", ""legacyId""=>115554716429, ""id""=>""1852061|5651355011591809""}]}}"
https://www.facebook.com/nostalgia.y/photos/a.508939832569501.1073741829.456182634511888/942167619246718/?type=3&theater,https://www.facebook.com/nostalgia.y/photos/a.508939832569501.1073741829.456182634511888/942167619246718/?type=3&theater,456182634511888_942167619246718,"{""status""=>200, ""notes""=>""Post not found""}"
http://m.facebook.com/story.php?story_fbid=10154584426664820&id=355665009819Â¬if_t=live_videoÂ¬if_id=1476846578702256&ref=bookmarks,https://m.facebook.com/story.php?story_fbid=10154584426664820&id=355665009819%C2%ACif_t=live_video%C2%ACif_id=1476846578702256&ref=bookmarks,355665009819_10154584426664820,"{""status""=>200, ""result""=>{""posts""=>[{""platformId""=>""537326876328007_5651355011591809"", ""platform""=>""Facebook"", ""date""=>""2022-09-07 11:00:18"", ""updated""=>""2022-09-07 19:03:22"", ""type""=>""native_video"", ""message""=>""Primal Movement ðŸ¦ From the moment we are born our bodies are in constant transformation. We crawl We walk We run. But it all starts from the ground. Taking our bodies as adults back to our primal ways will not only strengthen your body but it will enhance you to be more functional and mobile in your exercises, martial arts, and day to day. It will help your posture, it can even help aid your anxiety and stress levels. Primal movement is taking the fitness industry by storm so why not give it a try and start learning more with me. I teach a lot of my bodyweight flows in my bodyweight course available on my app. (www.MichaelVazquez.com Get some free training with me right when you sign up but more importantly youâ€™ll build consistency in your training when you have me as your coach. Sign up here www.MIchaelVazquez.com and letâ€™s get some âš”ï¸"", ""expandedLinks""=>[{""original""=>""www.MIchaelVazquez.com"", ""expanded""=>""https://www.michaelvazquez.com/""}, {""original""=>""(www.MichaelVazquez.com"", ""expanded""=>""https://www.michaelvazquez.com/)""}, {""original""=>""https://www.facebook.com/michaelcvazquez/videos/1524670334659801/"", ""expanded""=>""https://www.facebook.com/michaelcvazquez/videos/1524670334659801/""}], ""link""=>""https://www.facebook.com/michaelcvazquez/videos/1524670334659801/"", ""postUrl""=>""https://www.facebook.com/537326876328007/posts/5651355011591809"", ""subscriberCount""=>1949901, ""score""=>-1.5125, ""media""=>[{""type""=>""video"", ""url""=>""https://video-sea1-1.xx.fbcdn.net/v/t42.9040-2/129802877_462119228107048_759535789827256480_n.mp4?_nc_cat=110&ccb=1-7&_nc_sid=985c63&efg=eyJybHIiOjQxNSwicmxhIjo4MDIsInZlbmNvZGVfdGFnIjoic3ZlX3NkIn0%3D&_nc_ohc=LXGYXiW_bWAAX_QNMdG&rl=415&vabr=231&_nc_ht=video-sea1-1.xx&oh=00_AT9sGEymuGaw_BW1veDCdLQS2HzDS8c-HwXtWgi_vNjrKg&oe=631A3420"", ""height""=>0, ""width""=>0}, {""type""=>""photo"", ""url""=>""https://scontent-sea1-1.xx.fbcdn.net/v/t15.5256-10/121906871_478937409754538_6280055351111383028_n.jpg?stp=dst-jpg_s720x720&_nc_cat=104&ccb=1-7&_nc_sid=ad6a45&_nc_ohc=JeGIKoQcABgAX-CXicT&_nc_ht=scontent-sea1-1.xx&oh=00_AT-623txx7pzlU3iRJrUCkPSuWqooDEwhsSw8yy9cosOXQ&oe=631DBB28"", ""height""=>405, ""width""=>720, ""full""=>""https://scontent-sea1-1.xx.fbcdn.net/v/t15.5256-10/121906871_478937409754538_6280055351111383028_n.jpg?_nc_cat=104&ccb=1-7&_nc_sid=ad6a45&_nc_ohc=JeGIKoQcABgAX-CXicT&_nc_ht=scontent-sea1-1.xx&oh=00_AT-tDqbrEow-e58etZtggm7G834F3Tty7DUbcy4JvfAmBQ&oe=631DBB28""}], ""statistics""=>{""actual""=>{""likeCount""=>248, ""shareCount""=>21, ""commentCount""=>2, ""loveCount""=>46, ""wowCount""=>0, ""hahaCount""=>0, ""sadCount""=>0, ""angryCount""=>0, ""thankfulCount""=>0, ""careCount""=>3}, ""expected""=>{""likeCount""=>355, ""shareCount""=>48, ""commentCount""=>8, ""loveCount""=>63, ""wowCount""=>3, ""hahaCount""=>1, ""sadCount""=>1, ""angryCount""=>1, ""thankfulCount""=>0, ""careCount""=>4}}, ""account""=>{""id""=>1852061, ""name""=>""Michael Vazquez"", ""handle""=>""michaelcvazquez"", ""profileImage""=>""https://scontent-sea1-1.xx.fbcdn.net/v/t1.6435-1/123504448_3704119169648746_4792118100641203067_n.jpg?stp=dst-jpg_p200x200&_nc_cat=1&ccb=1-7&_nc_sid=dbb9e7&_nc_ohc=0iyEZYulGDgAX-woGgn&_nc_ht=scontent-sea1-1.xx&oh=00_AT_AFqHUKrLBD9Eg52grPoYXrKT4HjlPR7DDjmAX39HFPg&oe=633F75F0"", ""subscriberCount""=>1949901, ""url""=>""https://www.facebook.com/537326876328007"", ""platform""=>""Facebook"", ""platformId""=>""537326876328007"", ""accountType""=>""facebook_page"", ""pageAdminTopCountry""=>""US"", ""pageDescription""=>""Instagram @michaelcvazquez \nYouTube: Michael Vazquez \nPersonal workout programs \nwww.michaelcvazquez"", ""pageCreatedDate""=>""2013-05-24 00:03:58"", ""pageCategory""=>""ATHLETE"", ""verified""=>false}, ""videoLengthMS""=>185387, ""languageCode""=>""en"", ""legacyId""=>115554716429, ""id""=>""1852061|5651355011591809""}]}}"
https://www.facebook.com/media/set?set=a.10154534110871407.1073742048.54212446406&type=3,https://www.facebook.com/media/set?set=a.10154534110871407.1073742048.54212446406&type=3,54212446406_10154534110871407,"{""status""=>200, ""result""=>{""posts""=>[{""platformId""=>""537326876328007_5651355011591809"", ""platform""=>""Facebook"", ""date""=>""2022-09-07 11:00:18"", ""updated""=>""2022-09-07 19:03:22"", ""type""=>""native_video"", ""message""=>""Primal Movement ðŸ¦ From the moment we are born our bodies are in constant transformation. We crawl We walk We run. But it all starts from the ground. Taking our bodies as adults back to our primal ways will not only strengthen your body but it will enhance you to be more functional and mobile in your exercises, martial arts, and day to day. It will help your posture, it can even help aid your anxiety and stress levels. Primal movement is taking the fitness industry by storm so why not give it a try and start learning more with me. I teach a lot of my bodyweight flows in my bodyweight course available on my app. (www.MichaelVazquez.com Get some free training with me right when you sign up but more importantly youâ€™ll build consistency in your training when you have me as your coach. Sign up here www.MIchaelVazquez.com and letâ€™s get some âš”ï¸"", ""expandedLinks""=>[{""original""=>""www.MIchaelVazquez.com"", ""expanded""=>""https://www.michaelvazquez.com/""}, {""original""=>""(www.MichaelVazquez.com"", ""expanded""=>""https://www.michaelvazquez.com/)""}, {""original""=>""https://www.facebook.com/michaelcvazquez/videos/1524670334659801/"", ""expanded""=>""https://www.facebook.com/michaelcvazquez/videos/1524670334659801/""}], ""link""=>""https://www.facebook.com/michaelcvazquez/videos/1524670334659801/"", ""postUrl""=>""https://www.facebook.com/537326876328007/posts/5651355011591809"", ""subscriberCount""=>1949901, ""score""=>-1.5125, ""media""=>[{""type""=>""video"", ""url""=>""https://video-sea1-1.xx.fbcdn.net/v/t42.9040-2/129802877_462119228107048_759535789827256480_n.mp4?_nc_cat=110&ccb=1-7&_nc_sid=985c63&efg=eyJybHIiOjQxNSwicmxhIjo4MDIsInZlbmNvZGVfdGFnIjoic3ZlX3NkIn0%3D&_nc_ohc=LXGYXiW_bWAAX_QNMdG&rl=415&vabr=231&_nc_ht=video-sea1-1.xx&oh=00_AT9sGEymuGaw_BW1veDCdLQS2HzDS8c-HwXtWgi_vNjrKg&oe=631A3420"", ""height""=>0, ""width""=>0}, {""type""=>""photo"", ""url""=>""https://scontent-sea1-1.xx.fbcdn.net/v/t15.5256-10/121906871_478937409754538_6280055351111383028_n.jpg?stp=dst-jpg_s720x720&_nc_cat=104&ccb=1-7&_nc_sid=ad6a45&_nc_ohc=JeGIKoQcABgAX-CXicT&_nc_ht=scontent-sea1-1.xx&oh=00_AT-623txx7pzlU3iRJrUCkPSuWqooDEwhsSw8yy9cosOXQ&oe=631DBB28"", ""height""=>405, ""width""=>720, ""full""=>""https://scontent-sea1-1.xx.fbcdn.net/v/t15.5256-10/121906871_478937409754538_6280055351111383028_n.jpg?_nc_cat=104&ccb=1-7&_nc_sid=ad6a45&_nc_ohc=JeGIKoQcABgAX-CXicT&_nc_ht=scontent-sea1-1.xx&oh=00_AT-tDqbrEow-e58etZtggm7G834F3Tty7DUbcy4JvfAmBQ&oe=631DBB28""}], ""statistics""=>{""actual""=>{""likeCount""=>248, ""shareCount""=>21, ""commentCount""=>2, ""loveCount""=>46, ""wowCount""=>0, ""hahaCount""=>0, ""sadCount""=>0, ""angryCount""=>0, ""thankfulCount""=>0, ""careCount""=>3}, ""expected""=>{""likeCount""=>355, ""shareCount""=>48, ""commentCount""=>8, ""loveCount""=>63, ""wowCount""=>3, ""hahaCount""=>1, ""sadCount""=>1, ""angryCount""=>1, ""thankfulCount""=>0, ""careCount""=>4}}, ""account""=>{""id""=>1852061, ""name""=>""Michael Vazquez"", ""handle""=>""michaelcvazquez"", ""profileImage""=>""https://scontent-sea1-1.xx.fbcdn.net/v/t1.6435-1/123504448_3704119169648746_4792118100641203067_n.jpg?stp=dst-jpg_p200x200&_nc_cat=1&ccb=1-7&_nc_sid=dbb9e7&_nc_ohc=0iyEZYulGDgAX-woGgn&_nc_ht=scontent-sea1-1.xx&oh=00_AT_AFqHUKrLBD9Eg52grPoYXrKT4HjlPR7DDjmAX39HFPg&oe=633F75F0"", ""subscriberCount""=>1949901, ""url""=>""https://www.facebook.com/537326876328007"", ""platform""=>""Facebook"", ""platformId""=>""537326876328007"", ""accountType""=>""facebook_page"", ""pageAdminTopCountry""=>""US"", ""pageDescription""=>""Instagram @michaelcvazquez \nYouTube: Michael Vazquez \nPersonal workout programs \nwww.michaelcvazquez"", ""pageCreatedDate""=>""2013-05-24 00:03:58"", ""pageCategory""=>""ATHLETE"", ""verified""=>false}, ""videoLengthMS""=>185387, ""languageCode""=>""en"", ""legacyId""=>115554716429, ""id""=>""1852061|5651355011591809""}]}}"
https://www.facebook.com/teste637621352/posts/1538843716180215,https://www.facebook.com/teste637621352/posts/1538843716180215,,{}
https://www.facebook.com/pages/category/Society---Culture-Website/PoporDezamagit/photos/,https://www.facebook.com/pages/category/Society---Culture-Website/PoporDezamagit/photos/,,{}
https://www.facebook.com/edwinscott143/videos/my-baby-girl-ella-learned-an-important-lesson-today-help-those-less-fortunate-th/10154242961741620/,https://www.facebook.com/edwinscott143/videos/vb.737361619/10154242961741620/?type=2&theater,,{}
https://www.facebook.com/marc.smolowitz/posts/pfbid0zsUV7dPYfokQoLVG1EnK551iVgCGUYEMTM6euu72ubvcDdKYGdWPYjhfQbUHj2sAl,https://www.facebook.com/marc.smolowitz/posts/10158161767684331,769314330_10158161767684331,"{""status""=>200, ""notes""=>""Post not found""}"
https://www.facebook.com/julien.caidos/posts/10158477528272170,https://www.facebook.com/julien.caidos/posts/10158477528272170,,{}
https://www.facebook.com/TrentAricTV/videos/matthew-you-are-drunkgo-home-look-at-what-the-long-range-computer-models-are-ind/1127489833985824/,https://www.facebook.com/144585402276277/videos/1127489833985824,144585402276277_1127489833985824,"{""status""=>200, ""result""=>{""posts""=>[{""platformId""=>""144585402276277_1127489833985824"", ""platform""=>""Facebook"", ""date""=>""2016-10-05 11:15:30"", ""updated""=>""2022-05-16 04:12:28"", ""type""=>""native_video"", ""message""=>""MATTHEW YOU ARE DRUNK...GO HOME! Look at what the long range computer models are indicating with Hurricane Matthew. Yes that's right the GFS model along with the ECMWF (European Model) are both showing Matthew looping around the Atlantic and heading back to the west toward Florida. Let's hope this trend changes and this DOES NOT HAPPEN. Let's get through the next 48hrs first..."", ""expandedLinks""=>[{""original""=>""https://www.facebook.com/TrentAricTV/videos/1127489833985824/"", ""expanded""=>""https://www.facebook.com/TrentAricTV/videos/1127489833985824/""}], ""link""=>""https://www.facebook.com/TrentAricTV/videos/1127489833985824/"", ""postUrl""=>""https://www.facebook.com/144585402276277/posts/1127489833985824"", ""subscriberCount""=>0, ""score""=>320.5113636363636, ""media""=>[{""type""=>""video"", ""url""=>""https://video-sea1-1.xx.fbcdn.net/v/t42.1790-2/14611887_638161409698155_4235661386849452032_n.mp4?_nc_cat=109&ccb=1-6&_nc_sid=985c63&efg=eyJybHIiOjcyMywicmxhIjo1MTIsInZlbmNvZGVfdGFnIjoic3ZlX3NkIn0%3D&_nc_ohc=hOgMc6P8lbgAX_okTBW&rl=723&vabr=402&_nc_ht=video-sea1-1.xx&oh=00_AT8zx1iV-_tmlAkletndjbvSFjikw1j3yxZ4JNG33AJGRQ&oe=6283862F"", ""height""=>0, ""width""=>0}, {""type""=>""photo"", ""url""=>""https://scontent-sea1-1.xx.fbcdn.net/v/t15.5256-10/14602101_1127500960651378_1143375978446192640_n.jpg?stp=dst-jpg_s720x720&_nc_cat=107&ccb=1-6&_nc_sid=ad6a45&_nc_ohc=ElhPemC4khoAX-rBExM&_nc_ht=scontent-sea1-1.xx&oh=00_AT_O0XJgewEDqZ55eTyYX7kwt0CmlFX-Ikd-AvCVURY-qw&oe=6287A947"", ""height""=>405, ""width""=>720, ""full""=>""https://scontent-sea1-1.xx.fbcdn.net/v/t15.5256-10/14602101_1127500960651378_1143375978446192640_n.jpg?_nc_cat=107&ccb=1-6&_nc_sid=ad6a45&_nc_ohc=ElhPemC4khoAX-rBExM&_nc_ht=scontent-sea1-1.xx&oh=00_AT9zKVSCo0kkvuv2jEi4aJhSdyAU56Xcl0bEYU0lSQK19w&oe=6287A947""}], ""statistics""=>{""actual""=>{""likeCount""=>2327, ""shareCount""=>18692, ""commentCount""=>5690, ""loveCount""=>18, ""wowCount""=>1110, ""hahaCount""=>100, ""sadCount""=>207, ""angryCount""=>61, ""thankfulCount""=>0, ""careCount""=>0}, ""expected""=>{""likeCount""=>38, ""shareCount""=>4, ""commentCount""=>9, ""loveCount""=>12, ""wowCount""=>7, ""hahaCount""=>8, ""sadCount""=>7, ""angryCount""=>1, ""thankfulCount""=>0, ""careCount""=>2}}, ""account""=>{""id""=>1612336, ""name""=>""Trent Aric - Meteorologist"", ""handle""=>""TrentAricTV"", ""profileImage""=>""https://scontent-sea1-1.xx.fbcdn.net/v/t39.30808-1/273572839_489238069228086_8419777016738266396_n.jpg?stp=c184.151.769.769a_cp0_dst-jpg_s50x50&_nc_cat=106&ccb=1-7&_nc_sid=05dcb7&_nc_ohc=MV2d-ud_YnwAX_BySca&_nc_ht=scontent-sea1-1.xx&oh=00_AT9kUPnHwj5_OhDDe3BYUSjiDkz_RSV2dP_qn9frcqISkQ&oe=631CECF7"", ""subscriberCount""=>10923, ""url""=>""https://www.facebook.com/144585402276277"", ""platform""=>""Facebook"", ""platformId""=>""100044256918130"", ""accountType""=>""facebook_page"", ""pageAdminTopCountry""=>""US"", ""pageDescription""=>""Morning Meteorologist at WFTX Fox 4"", ""pageCreatedDate""=>""2011-04-18 14:08:05"", ""pageCategory""=>""NEWS_PERSONALITY"", ""verified""=>true}, ""videoLengthMS""=>10967, ""languageCode""=>""en"", ""legacyId""=>0, ""id""=>""1612336|1127489833985824""}]}}"
https://www.facebook.com/nostalgia.y/photos/pb.456182634511888.-2207520000.1484079948./928269767303170/?type=3&theater,https://www.facebook.com/nostalgia.y/photos/pb.456182634511888.-2207520000.1484079948./928269767303170/?type=3&theater,,{}
https://www.facebook.com/democrats/videos/on-national-voter-registration-day-youve-got-to-register-your-friends-register-y/10154268929856943/,https://www.facebook.com/democrats/videos/10154268929856943,,{}
https://www.facebook.com/caiosba/posts/3588207164560845,https://www.facebook.com/caiosba/posts/3588207164560845,,{}
https://www.facebook.com/teste637621352/posts/pfbid0r7YAFnUeyzdvkcc63ucPHPb1etNJnS5BAfcZWmBxp92yVoYLsQjZau9bm7fimxfTl,https://www.facebook.com/teste637621352/posts/1028795030518422,749262715138323_1028795030518422,"{""status""=>200, ""notes""=>""Post not found""}"
https://www.facebook.com/Classic.mou/photos/1630270703817253,https://www.facebook.com/Classic.mou/photos/1630270703817253,,{}
https://www.facebook.com/danielafeitosa/posts/2074906892567200,https://www.facebook.com/danielafeitosa/posts/2074906892567200,,{}
https://www.facebook.com/caiosba/posts/8457689347638947,https://www.facebook.com/caiosba/posts/8457689347638947,,{}
https://www.facebook.com/Bimbo.Memories/photos/pb.235404669918505.-2207520000.1481570271./1051597428299221/?type=3&theater,https://www.facebook.com/Bimbo.Memories/photos/pb.235404669918505.-2207520000.1481570271./1051597428299221/?type=3&theater,,{}
https://www.facebook.com/quoted.pictures/posts/1095740107184121,https://www.facebook.com/quoted.pictures/posts/1095740107184121,128791873878954_1095740107184121,"{""status""=>200, ""result""=>{""posts""=>[{""platformId""=>""128791873878954_1095740107184121"", ""platform""=>""Facebook"", ""date""=>""2016-09-07 20:55:51"", ""updated""=>""2021-08-01 05:30:30"", ""type""=>""video"", ""caption""=>""giphy.com"", ""description""=>""http://giphy.com/gifs/zoolander-2-penelope-cruz-penlope-fBTpIC3LkshXO"", ""message""=>""ðŸ˜ðŸ˜"", ""expandedLinks""=>[{""original""=>""http://giphy.com/gifs/zoolander-2-penelope-cruz-penlope-fBTpIC3LkshXO"", ""expanded""=>""http://giphy.com/gifs/zoolander-2-penelope-cruz-penlope-fBTpIC3LkshXO""}, {""original""=>""http://giphy.com/gifs/zoolander-2-penelope-cruz-penlope-fBTpIC3LkshXO"", ""expanded""=>""http://giphy.com/gifs/zoolander-2-penelope-cruz-penlope-fBTpIC3LkshXO""}], ""link""=>""http://giphy.com/gifs/zoolander-2-penelope-cruz-penlope-fBTpIC3LkshXO"", ""postUrl""=>""https://www.facebook.com/128791873878954/posts/1095740107184121"", ""subscriberCount""=>0, ""score""=>-1.5497237569060773, ""media""=>[{""type""=>""photo"", ""url""=>""https://external-ham3-1.xx.fbcdn.net/safe_image.php?w=249&h=249&url=https%3A%2F%2Fmedia.giphy.com%2Fmedia%2FfBTpIC3LkshXO%2Fgiphy.gif&cfs=1&sx=126&sy=0&sw=249&sh=249&ext=emg0&_nc_oe=6fd9e&_nc_sid=632586&ccb=3-5&_nc_hash=AQErldorAm2exEzW"", ""height""=>249, ""width""=>249, ""full""=>""https://external-ham3-1.xx.fbcdn.net/safe_image.php?url=https%3A%2F%2Fmedia.giphy.com%2Fmedia%2FfBTpIC3LkshXO%2Fgiphy.gif&ext=emg0&_nc_oe=6fd9e&_nc_sid=64c8fc&ccb=3-5&_nc_hash=AQG_wqqWRjBySHzD""}], ""statistics""=>{""actual""=>{""likeCount""=>290, ""shareCount""=>18, ""commentCount""=>7, ""loveCount""=>40, ""wowCount""=>1, ""hahaCount""=>6, ""sadCount""=>0, ""angryCount""=>0, ""thankfulCount""=>0, ""careCount""=>0}, ""expected""=>{""likeCount""=>365, ""shareCount""=>129, ""commentCount""=>17, ""loveCount""=>13, ""wowCount""=>2, ""hahaCount""=>33, ""sadCount""=>2, ""angryCount""=>0, ""thankfulCount""=>0, ""careCount""=>0}}, ""account""=>{""id""=>884902, ""name""=>""New Quoted Pictures Everyday"", ""handle""=>""quoted.pictures"", ""profileImage""=>""https://scontent-sea1-1.xx.fbcdn.net/v/t1.6435-1/116266823_3103374736420638_6663852434774819485_n.jpg?stp=c2.0.200.200a_dst-jpg_p200x200&_nc_cat=105&ccb=1-7&_nc_sid=dbb9e7&_nc_ohc=Y6WLyGbicQ4AX-w-jgG&_nc_ht=scontent-sea1-1.xx&oh=00_AT_6c_o_3aV75orj9mDzjxNt8j_BhG2zkCd27RNbgtcd6Q&oe=634003B6"", ""subscriberCount""=>523186, ""url""=>""https://www.facebook.com/128791873878954"", ""platform""=>""Facebook"", ""platformId""=>""128791873878954"", ""accountType""=>""facebook_page"", ""pageAdminTopCountry""=>""EG"", ""pageDescription""=>""Both, Memorable & Most Important Unmemorable Scenes Ever."", ""pageCreatedDate""=>""2011-07-28 20:59:56"", ""pageCategory""=>""TOPIC_ARTS_ENTERTAINMENT"", ""verified""=>false}, ""languageCode""=>""und"", ""legacyId""=>0, ""id""=>""884902|1095740107184121""}]}}"
https://www.facebook.com/groups/memetics.hacking/permalink/1580570905320222/,https://www.facebook.com/groups/memetics.hacking/permalink/1580570905320222/,,{}
https://www.facebook.com/helloweenofficial/posts/pfbid027zQ24gQJzaEfz3ZKNtnNSvGU29HpQ3DMYRi3cmq79rEMHQTgdJSXSZn64rqM2TAgl,https://www.facebook.com/helloweenofficial/posts/287873752702197,100044387231098_287873752702197,"{""status""=>200, ""result""=>{""posts""=>[{""platformId""=>""100044387231098_287873752702197"", ""platform""=>""Facebook"", ""date""=>""2021-03-12 16:00:01"", ""updated""=>""2022-02-06 16:13:11"", ""type""=>""photo"", ""message""=>""ðŸ˜ðŸŽƒ Now, thatâ€™s a thing of beauty! On June 18th, 2021, we will release our new album, simply titled \""HELLOWEEN\"". The artwork, a handmade painting, was done by Berlin based artist Eliran Kantor. How do you like it?"", ""expandedLinks""=>[{""original""=>""https://www.facebook.com/photo.php?fbid=287873219368917&set=a.257052329117673&type=3"", ""expanded""=>""https://www.facebook.com/photo.php?fbid=287873219368917&set=a.257052329117673&type=3""}], ""link""=>""https://www.facebook.com/photo.php?fbid=287873219368917&set=a.257052329117673&type=3"", ""postUrl""=>""https://www.facebook.com/100044387231098/posts/287873752702197"", ""subscriberCount""=>1765162, ""score""=>10.85429810725552, ""media""=>[{""type""=>""photo"", ""url""=>""https://scontent-sea1-1.xx.fbcdn.net/v/t1.6435-9/p720x720/159825434_287873222702250_1913179884649014860_n.jpg?_nc_cat=105&ccb=1-5&_nc_sid=8024bb&_nc_ohc=yqWVtDnU93sAX_Z_fuA&_nc_ht=scontent-sea1-1.xx&oh=00_AT_LembP-AM7h8cfkxHL-y9osWs3ir86tcnQerTdn6iAMg&oe=6226986A"", ""height""=>720, ""width""=>720, ""full""=>""https://scontent-sea1-1.xx.fbcdn.net/v/t1.6435-9/p720x720/159825434_287873222702250_1913179884649014860_n.jpg?_nc_cat=105&ccb=1-5&_nc_sid=8024bb&_nc_ohc=yqWVtDnU93sAX_Z_fuA&_nc_ht=scontent-sea1-1.xx&oh=00_AT_LembP-AM7h8cfkxHL-y9osWs3ir86tcnQerTdn6iAMg&oe=6226986A""}], ""statistics""=>{""actual""=>{""likeCount""=>31028, ""shareCount""=>6322, ""commentCount""=>2792, ""loveCount""=>12241, ""wowCount""=>2194, ""hahaCount""=>25, ""sadCount""=>5, ""angryCount""=>1, ""thankfulCount""=>0, ""careCount""=>445}, ""expected""=>{""likeCount""=>3938, ""shareCount""=>161, ""commentCount""=>125, ""loveCount""=>796, ""wowCount""=>14, ""hahaCount""=>3, ""sadCount""=>2, ""angryCount""=>2, ""thankfulCount""=>0, ""careCount""=>31}}, ""account""=>{""id""=>33862, ""name""=>""Helloween"", ""handle""=>""helloweenofficial"", ""profileImage""=>""https://scontent-sea1-1.xx.fbcdn.net/v/t1.6435-1/178666077_315369046619334_3438824863531648679_n.jpg?stp=cp0_dst-jpg_p50x50&_nc_cat=106&ccb=1-7&_nc_sid=05dcb7&_nc_ohc=4mT6hhOQlHEAX94QCnF&_nc_ht=scontent-sea1-1.xx&oh=00_AT-dkgAbzwWmZ0C_ReSnzWyly0ul4sFb8M7UpaX7uXkSqw&oe=633FA68A"", ""subscriberCount""=>1821347, ""url""=>""https://www.facebook.com/75052548906"", ""platform""=>""Facebook"", ""platformId""=>""100044387231098"", ""accountType""=>""facebook_page"", ""pageAdminTopCountry""=>""DE"", ""pageDescription""=>""New single \""Best Time\"" out now!\nUNITED FORCES 2022/23: On tour with HammerFall across Europe! "", ""pageCreatedDate""=>""2009-05-02 18:18:28"", ""pageCategory""=>""BANDS_MUSICIANS"", ""verified""=>true}, ""languageCode""=>""en"", ""legacyId""=>0, ""id""=>""33862|287873752702197""}]}}"
https://www.facebook.com/scmp/videos/scmp-facebooklive-amid-chaotic-scenes-in-hongkong-legco-as-pro-establishment-leg/10154584426664820/,https://www.facebook.com/scmp/videos/10154584426664820,,{}
https://www.facebook.com/photo?fbid=264562325036122&set=pb.100044470688234.-2207520000..,https://www.facebook.com/photo/?fbid=264562325036122&set=pb.100044470688234.-2207520000..,-2207520000_264562325036122,"{""status""=>200, ""notes""=>""Post not found""}"
https://www.facebook.com/teste637621352/posts/pfbid0KCCWf1cc4pHqySjRY731eEMbDn8DRz6oVnUU3qWGTJEfea5Hr1rytYLfJiSEQy44l,https://www.facebook.com/teste637621352/posts/1035783969819528,749262715138323_1035783969819528,"{""status""=>200, ""notes""=>""Post not found""}"
https://www.facebook.com/teste637621352/posts/pfbid0uVTiSc7SKLLn23FBb2zALYVvNV2NAyRJ2Hz2XFTBJBu3NdtaUUMBx6j5ZaZHF2eol,https://www.facebook.com/teste637621352/posts/2194142813983632,749262715138323_2194142813983632,"{""status""=>200, ""notes""=>""Post not found""}"
https://www.facebook.com/nanabhay/posts/pfbid02FeZ9vvuig49mA9hpca9AUk8yPJjkgmD6FatTQQ4PgW6c56fYe5Pu4fzqWLi8A3iLl,https://www.facebook.com/nanabhay/posts/10156130657385246?pnref=story,735450245_10156130657385246,"{""status""=>200, ""notes""=>""Post not found""}"
https://www.facebook.com/teste637621352/posts/pfbid02o6UQ9gjmNeuxyBvxVZjh151qQWzg6YQg2fyrHxfMQiw48muSC6bNrxjoBojaCwxtl,https://www.facebook.com/teste637621352/posts/1028416870556238,749262715138323_1028416870556238,"{""status""=>200, ""notes""=>""Post not found""}"
https://www.facebook.com/events/d41d8cd9/nancy-ajram-in-stella-di-mare-music-festival/1090503577698748/,https://www.facebook.com/events/1090503577698748,,{}
https://www.facebook.com/photo.php?fbid=265901254902229&set=pb.100044470688234.-2207520000..&type=3,https://www.facebook.com/photo.php?fbid=265901254902229&set=pb.100044470688234.-2207520000..&type=3,-2207520000_265901254902229,"{""status""=>200, ""notes""=>""Post not found""}"
https://www.facebook.com/Classic.mou/photos/pcb.613639338813733/613639175480416/,https://www.facebook.com/Classic.mou/photos/pcb.613639338813733/613639175480416/,,{}
https://www.facebook.com/quoted.pictures/photos/a.128828073875334.28784.128791873878954/1096134023811396/?type=3&theater,https://www.facebook.com/quoted.pictures/photos/a.128828073875334.28784.128791873878954/1096134023811396/?type=3&theater,128791873878954_1096134023811396,"{""status""=>200, ""result""=>{""posts""=>[{""platformId""=>""128791873878954_1096134023811396"", ""platform""=>""Facebook"", ""date""=>""2016-09-08 08:45:12"", ""updated""=>""2022-04-02 19:14:45"", ""type""=>""photo"", ""expandedLinks""=>[{""original""=>""https://www.facebook.com/quoted.pictures/photos/a.128828073875334/1096134023811396/?type=3"", ""expanded""=>""https://www.facebook.com/quoted.pictures/photos/a.128828073875334/1096134023811396/?type=3""}], ""link""=>""https://www.facebook.com/quoted.pictures/photos/a.128828073875334/1096134023811396/?type=3"", ""postUrl""=>""https://www.facebook.com/128791873878954/posts/1096134023811396"", ""subscriberCount""=>0, ""score""=>31.16058394160584, ""media""=>[{""type""=>""photo"", ""url""=>""https://scontent-ham3-1.xx.fbcdn.net/v/t1.18169-9/14222344_1096134023811396_8394853677148834035_n.jpg?_nc_cat=102&ccb=1-5&_nc_sid=2d5d41&_nc_ohc=iagODGcHN_IAX_mIERD&_nc_ht=scontent-ham3-1.xx&oh=00_AT-KqUbu_YReJd9DzOZwvFUm9oKpiPfo0WunO4Y47ATAlw&oe=626FD8B1"", ""height""=>373, ""width""=>500, ""full""=>""https://scontent-ham3-1.xx.fbcdn.net/v/t1.18169-9/14222344_1096134023811396_8394853677148834035_n.jpg?_nc_cat=102&ccb=1-5&_nc_sid=2d5d41&_nc_ohc=iagODGcHN_IAX_mIERD&_nc_ht=scontent-ham3-1.xx&oh=00_AT-KqUbu_YReJd9DzOZwvFUm9oKpiPfo0WunO4Y47ATAlw&oe=626FD8B1""}], ""statistics""=>{""actual""=>{""likeCount""=>2653, ""shareCount""=>1160, ""commentCount""=>93, ""loveCount""=>16, ""wowCount""=>0, ""hahaCount""=>346, ""sadCount""=>0, ""angryCount""=>1, ""thankfulCount""=>0, ""careCount""=>0}, ""expected""=>{""likeCount""=>20, ""shareCount""=>20, ""commentCount""=>10, ""loveCount""=>2, ""wowCount""=>1, ""hahaCount""=>79, ""sadCount""=>3, ""angryCount""=>1, ""thankfulCount""=>0, ""careCount""=>1}}, ""account""=>{""id""=>884902, ""name""=>""New Quoted Pictures Everyday"", ""handle""=>""quoted.pictures"", ""profileImage""=>""https://scontent-sea1-1.xx.fbcdn.net/v/t1.6435-1/116266823_3103374736420638_6663852434774819485_n.jpg?stp=c2.0.200.200a_dst-jpg_p200x200&_nc_cat=105&ccb=1-7&_nc_sid=dbb9e7&_nc_ohc=Y6WLyGbicQ4AX-w-jgG&_nc_ht=scontent-sea1-1.xx&oh=00_AT_6c_o_3aV75orj9mDzjxNt8j_BhG2zkCd27RNbgtcd6Q&oe=634003B6"", ""subscriberCount""=>523186, ""url""=>""https://www.facebook.com/128791873878954"", ""platform""=>""Facebook"", ""platformId""=>""128791873878954"", ""accountType""=>""facebook_page"", ""pageAdminTopCountry""=>""EG"", ""pageDescription""=>""Both, Memorable & Most Important Unmemorable Scenes Ever."", ""pageCreatedDate""=>""2011-07-28 20:59:56"", ""pageCategory""=>""TOPIC_ARTS_ENTERTAINMENT"", ""verified""=>false}, ""languageCode""=>""und"", ""legacyId""=>0, ""id""=>""884902|1096134023811396""}]}}"
https://www.facebook.com/144585402276277/posts/1127489833985824,https://www.facebook.com/55555/posts/123456789,144585402276277_1127489833985824,"{""status""=>200, ""result""=>{""posts""=>[{""platformId""=>""144585402276277_1127489833985824"", ""platform""=>""Facebook"", ""date""=>""2016-10-05 11:15:30"", ""updated""=>""2022-05-16 04:12:28"", ""type""=>""native_video"", ""message""=>""MATTHEW YOU ARE DRUNK...GO HOME! Look at what the long range computer models are indicating with Hurricane Matthew. Yes that's right the GFS model along with the ECMWF (European Model) are both showing Matthew looping around the Atlantic and heading back to the west toward Florida. Let's hope this trend changes and this DOES NOT HAPPEN. Let's get through the next 48hrs first..."", ""expandedLinks""=>[{""original""=>""https://www.facebook.com/TrentAricTV/videos/1127489833985824/"", ""expanded""=>""https://www.facebook.com/TrentAricTV/videos/1127489833985824/""}], ""link""=>""https://www.facebook.com/TrentAricTV/videos/1127489833985824/"", ""postUrl""=>""https://www.facebook.com/144585402276277/posts/1127489833985824"", ""subscriberCount""=>0, ""score""=>320.5113636363636, ""media""=>[{""type""=>""video"", ""url""=>""https://video-sea1-1.xx.fbcdn.net/v/t42.1790-2/14611887_638161409698155_4235661386849452032_n.mp4?_nc_cat=109&ccb=1-6&_nc_sid=985c63&efg=eyJybHIiOjcyMywicmxhIjo1MTIsInZlbmNvZGVfdGFnIjoic3ZlX3NkIn0%3D&_nc_ohc=hOgMc6P8lbgAX_okTBW&rl=723&vabr=402&_nc_ht=video-sea1-1.xx&oh=00_AT8zx1iV-_tmlAkletndjbvSFjikw1j3yxZ4JNG33AJGRQ&oe=6283862F"", ""height""=>0, ""width""=>0}, {""type""=>""photo"", ""url""=>""https://scontent-sea1-1.xx.fbcdn.net/v/t15.5256-10/14602101_1127500960651378_1143375978446192640_n.jpg?stp=dst-jpg_s720x720&_nc_cat=107&ccb=1-6&_nc_sid=ad6a45&_nc_ohc=ElhPemC4khoAX-rBExM&_nc_ht=scontent-sea1-1.xx&oh=00_AT_O0XJgewEDqZ55eTyYX7kwt0CmlFX-Ikd-AvCVURY-qw&oe=6287A947"", ""height""=>405, ""width""=>720, ""full""=>""https://scontent-sea1-1.xx.fbcdn.net/v/t15.5256-10/14602101_1127500960651378_1143375978446192640_n.jpg?_nc_cat=107&ccb=1-6&_nc_sid=ad6a45&_nc_ohc=ElhPemC4khoAX-rBExM&_nc_ht=scontent-sea1-1.xx&oh=00_AT9zKVSCo0kkvuv2jEi4aJhSdyAU56Xcl0bEYU0lSQK19w&oe=6287A947""}], ""statistics""=>{""actual""=>{""likeCount""=>2327, ""shareCount""=>18692, ""commentCount""=>5690, ""loveCount""=>18, ""wowCount""=>1110, ""hahaCount""=>100, ""sadCount""=>207, ""angryCount""=>61, ""thankfulCount""=>0, ""careCount""=>0}, ""expected""=>{""likeCount""=>38, ""shareCount""=>4, ""commentCount""=>9, ""loveCount""=>12, ""wowCount""=>7, ""hahaCount""=>8, ""sadCount""=>7, ""angryCount""=>1, ""thankfulCount""=>0, ""careCount""=>2}}, ""account""=>{""id""=>1612336, ""name""=>""Trent Aric - Meteorologist"", ""handle""=>""TrentAricTV"", ""profileImage""=>""https://scontent-sea1-1.xx.fbcdn.net/v/t39.30808-1/273572839_489238069228086_8419777016738266396_n.jpg?stp=c184.151.769.769a_cp0_dst-jpg_s50x50&_nc_cat=106&ccb=1-7&_nc_sid=05dcb7&_nc_ohc=MV2d-ud_YnwAX_BySca&_nc_ht=scontent-sea1-1.xx&oh=00_AT9kUPnHwj5_OhDDe3BYUSjiDkz_RSV2dP_qn9frcqISkQ&oe=631CECF7"", ""subscriberCount""=>10922, ""url""=>""https://www.facebook.com/144585402276277"", ""platform""=>""Facebook"", ""platformId""=>""100044256918130"", ""accountType""=>""facebook_page"", ""pageAdminTopCountry""=>""US"", ""pageDescription""=>""Morning Meteorologist at WFTX Fox 4"", ""pageCreatedDate""=>""2011-04-18 14:08:05"", ""pageCategory""=>""NEWS_PERSONALITY"", ""verified""=>true}, ""videoLengthMS""=>10967, ""languageCode""=>""en"", ""legacyId""=>0, ""id""=>""1612336|1127489833985824""}]}}"
https://www.facebook.com/12345/posts/55555,https://www.facebook.com/12345/posts/55555,12345_55555,"{""status""=>200, ""result""=>{""posts""=>[{""platformId""=>""144585402276277_1127489833985824"", ""platform""=>""Facebook"", ""date""=>""2016-10-05 11:15:30"", ""updated""=>""2022-05-16 04:12:28"", ""type""=>""native_video"", ""message""=>""MATTHEW YOU ARE DRUNK...GO HOME! Look at what the long range computer models are indicating with Hurricane Matthew. Yes that's right the GFS model along with the ECMWF (European Model) are both showing Matthew looping around the Atlantic and heading back to the west toward Florida. Let's hope this trend changes and this DOES NOT HAPPEN. Let's get through the next 48hrs first..."", ""expandedLinks""=>[{""original""=>""https://www.facebook.com/TrentAricTV/videos/1127489833985824/"", ""expanded""=>""https://www.facebook.com/TrentAricTV/videos/1127489833985824/""}], ""link""=>""https://www.facebook.com/TrentAricTV/videos/1127489833985824/"", ""postUrl""=>""https://www.facebook.com/144585402276277/posts/1127489833985824"", ""subscriberCount""=>0, ""score""=>320.5113636363636, ""media""=>[{""type""=>""video"", ""url""=>""https://video-sea1-1.xx.fbcdn.net/v/t42.1790-2/14611887_638161409698155_4235661386849452032_n.mp4?_nc_cat=109&ccb=1-6&_nc_sid=985c63&efg=eyJybHIiOjcyMywicmxhIjo1MTIsInZlbmNvZGVfdGFnIjoic3ZlX3NkIn0%3D&_nc_ohc=hOgMc6P8lbgAX_okTBW&rl=723&vabr=402&_nc_ht=video-sea1-1.xx&oh=00_AT8zx1iV-_tmlAkletndjbvSFjikw1j3yxZ4JNG33AJGRQ&oe=6283862F"", ""height""=>0, ""width""=>0}, {""type""=>""photo"", ""url""=>""https://scontent-sea1-1.xx.fbcdn.net/v/t15.5256-10/14602101_1127500960651378_1143375978446192640_n.jpg?stp=dst-jpg_s720x720&_nc_cat=107&ccb=1-6&_nc_sid=ad6a45&_nc_ohc=ElhPemC4khoAX-rBExM&_nc_ht=scontent-sea1-1.xx&oh=00_AT_O0XJgewEDqZ55eTyYX7kwt0CmlFX-Ikd-AvCVURY-qw&oe=6287A947"", ""height""=>405, ""width""=>720, ""full""=>""https://scontent-sea1-1.xx.fbcdn.net/v/t15.5256-10/14602101_1127500960651378_1143375978446192640_n.jpg?_nc_cat=107&ccb=1-6&_nc_sid=ad6a45&_nc_ohc=ElhPemC4khoAX-rBExM&_nc_ht=scontent-sea1-1.xx&oh=00_AT9zKVSCo0kkvuv2jEi4aJhSdyAU56Xcl0bEYU0lSQK19w&oe=6287A947""}], ""statistics""=>{""actual""=>{""likeCount""=>2327, ""shareCount""=>18692, ""commentCount""=>5690, ""loveCount""=>18, ""wowCount""=>1110, ""hahaCount""=>100, ""sadCount""=>207, ""angryCount""=>61, ""thankfulCount""=>0, ""careCount""=>0}, ""expected""=>{""likeCount""=>38, ""shareCount""=>4, ""commentCount""=>9, ""loveCount""=>12, ""wowCount""=>7, ""hahaCount""=>8, ""sadCount""=>7, ""angryCount""=>1, ""thankfulCount""=>0, ""careCount""=>2}}, ""account""=>{""id""=>1612336, ""name""=>""Trent Aric - Meteorologist"", ""handle""=>""TrentAricTV"", ""profileImage""=>""https://scontent-sea1-1.xx.fbcdn.net/v/t39.30808-1/273572839_489238069228086_8419777016738266396_n.jpg?stp=c184.151.769.769a_cp0_dst-jpg_s50x50&_nc_cat=106&ccb=1-7&_nc_sid=05dcb7&_nc_ohc=MV2d-ud_YnwAX_BySca&_nc_ht=scontent-sea1-1.xx&oh=00_AT9kUPnHwj5_OhDDe3BYUSjiDkz_RSV2dP_qn9frcqISkQ&oe=631CECF7"", ""subscriberCount""=>10922, ""url""=>""https://www.facebook.com/144585402276277"", ""platform""=>""Facebook"", ""platformId""=>""100044256918130"", ""accountType""=>""facebook_page"", ""pageAdminTopCountry""=>""US"", ""pageDescription""=>""Morning Meteorologist at WFTX Fox 4"", ""pageCreatedDate""=>""2011-04-18 14:08:05"", ""pageCategory""=>""NEWS_PERSONALITY"", ""verified""=>true}, ""videoLengthMS""=>10967, ""languageCode""=>""en"", ""legacyId""=>0, ""id""=>""1612336|1127489833985824""}]}}"
https://www.facebook.com/fakeaccount/posts/123456789,https://www.facebook.com/fakeaccount/posts/new-123456789,,"{""status""=>200, ""notes""=>""Post not found""}"
https://www.facebook.com/fakeaccount/posts/123456789,https://www.facebook.com/fakeaccount/posts/new-123456789,,"{""status""=>200, ""notes""=>""Post not found""}"
